author_name,num_of_webtoon
Junepurrr ,
MSG / Teava,1
Wishroomness ,
Zaanart ,
Mike Birchall ,
Jungyoon / Taegeon ,
SIU ,
fishball ,
LuckS ,
AENGO ,
LOZOLZ / Wyatt the Cat ,
Zerowater / UMKY ,
Blau ,
WmW / Silke Tara ,
Maenggi Ki ,
ARI ,
Yongseok Jo ,
Atterozen ,
Toonimated ,
Chris McCoy ,
911,1
Miku Yuki ,
Pani ,
POGO / HOOPA ,
Meritxell Garcia ,
Pink_Alien ,
samkimart ,
Currygom ,
Chaeeun Lee ,
LambCat ,
Mai Hirschfeld_ ,
suspu ,
OHKATES ,
Swansgarden ,
Various Artists ,
Mongie ,
Pookie Senpai ,
refrainbow ,
Hanza Art ,
Bangguseok Gimssi / Omagam,1
Lee Yone ,
Colourbee ,
Jeho Son / ZHENA ,
Ephemerys / Sophism ,
Renée Ahdieh / SilvesterVitale,1
Morangji ,
HONGDUCK / NEMONE ,
Merryweather / MAYUI ,
Curryuku ,
Namsoo ,
Teo / Corey ,
Taejun Pak / Kim Junghyun ,
Murrz ,
Shen / David Mercier ,
I SOON KI / OH5HO,1
K. Oliver ,
HENIE ,
NA ,
Punko ,
Wonsun Jin ,
Katie Cook ,
Jason King ,
zelbasen ,
Song Geukjang ,
Dan Schkade ,
Tony Karnowski / Orlando Caicedo ,
Sandra Diaz ,
mame ´･ω･` ,
Ushio ,
Cynthia J.S. ,
Rorita ,
zealforart ,
Yaongyi ,
Enjelicious ,
sing N song / UMI,1
Jouki ,
Sophia ,
YONGCHAN ,
Merryweather / PeaCH ,
Shen ,
Chris Geroux ,
Michi ,
Gisong / NemGa ,
Songah Min ,
OMYO ,
GirlsOnFilm / ValeriaM ,
Nicki Pau Preto / Foxkirin,1
Hyunseok Yun ,
52chu ,
Ebae Kim ,
Guy / Teo ,
AC Stuart / Victor Rosas II ,
Tovon ,
YenKin ,
GMOW ,
Youngsoon Yang ,
M. Nires ,
Dean Haspiel ,
Fabian Nicieza / Reilly Brown ,
Marvin.W / caw-chan,1
Austen Marie ,
Kat / Ali ,
Sherard Jackson ,
Hellothisisangle ,
Color_LES ,
Lina Im / Jeonghyeon Kim ,
JH ,
Lee Hey ,
HYEONG EUN / JUDER ,
antlerella ,
Carnby Kim / Hongpil ,
SEOPASS / RAZEN ,
XUANN ,
Moonsia ,
Lee Yone ,
Sae In Lee / Soo Bean Lim ,
Cafelatte / JINHA,1
Goda ,
10PARK ,
Hussein Traboulsi / Claudia Z. ,
Dalgonyak ,
Vivian Darlin ,
HadeToons ,
Herhumanist ,
Richard Dinnick / Magda Price & Miguel Sepulveda ,
uru-chan ,
66,1
Myung Hee ,
VOKIVORMOK ,
Stephen McCranie ,
Teo / Guy ,
Heylenne ,
Nylana ,
Isakytm ,
Purpah ,
Quimchee ,
Yongje Park ,
Miranda Mundt ,
Sehoon Kim ,
Sangyoung Seong / Sang-A ,
Jinha / Hepon ,
2F ,
Mei Rothschild ,
Jjolee ,
Honey B ,
MiTi / GUGU ,
ZOYANG ,
KenneDuck / Gia ,
Sam Bragg ,
B.Y / JRobin ,
Chihiro Howe ,
Mai ,
Atenmaru / NicolieDC ,
Josh Ulrich ,
Lumaga ,
Kaisar ,
EGA ,
Inwan Youn / Sunhee Kim ,
Vicente Miranda ,
Kennycomics(Paul Jun) / SilentMaru ,
Matthew J. Rainwater ,
Ann ,
unfins ,
dewkneelight ,
Meredith Moriarty ,
M. Victoria Robado ,
Lilydusk ,
HereLee / Alphatart,1
Dalsaeowl / Hwaeum ,
SAM ,
Hyun hoo Joo / Kumtata ,
UMKY / SEHON,1
Violet Karim ,
Lee Kong-joo / White Eagle ,
echorise ,
eon ,
Mel0h ,
Justin Jordan / John Amor ,
Na-eum So ,
WmW / Thabfu,1
Jimena Aranda ,
Eun Hyuk Park ,
Kit Trace / Kate Flynn ,
Garth the Geek / Kenan Halilovic ,
JongBeom Lee ,
Manchi / Barunflower,1
Mihi ,
Walter Ostlie ,
Gasfard ,
J.oori ,
Ingrid Ochoa ,
RE ME ,
Ryoung ,
Toffuo ,
Rachel Smythe ,
Alphatart / Sumpul ,
Yeoseulki / Early Flower,1
Wendy Lian Martin ,
Emma Krogell ,
R Schaeffer / Glamist,1
Paola Batalla ,
GRAVEWEAVER ,
New lung / Dimang,1
Deya Muniz / Emily Erdos ,
Taejun Pak ,
Nakano Mayaka ,
Chase Keels / Miranda Mundt ,
Lupicut ,
VAN.J ,
Kawai Aporo ,
explodikid ,
Dongwoo Han / Dohee Lee ,
Sungdae Oh ,
Maf ,
Said P. ,
NeverDraws ,
Patrick Flores-Scott / Little Corvus ,
Anne Delseit / Marissa Delbressine ,
Keon Tan ,
